-- MySQL dump 10.13  Distrib 8.0.36, for Win64 (x86_64)
--
-- Host: 34.165.13.125    Database: snackoverflow
-- ------------------------------------------------------
-- Server version	8.0.30-google

/*!40101 SET @OLD_CHARACTER_SET_CLIENT=@@CHARACTER_SET_CLIENT */;
/*!40101 SET @OLD_CHARACTER_SET_RESULTS=@@CHARACTER_SET_RESULTS */;
/*!40101 SET @OLD_COLLATION_CONNECTION=@@COLLATION_CONNECTION */;
/*!50503 SET NAMES utf8mb4 */;
/*!40103 SET @OLD_TIME_ZONE=@@TIME_ZONE */;
/*!40103 SET TIME_ZONE='+00:00' */;
/*!40014 SET @OLD_UNIQUE_CHECKS=@@UNIQUE_CHECKS, UNIQUE_CHECKS=0 */;
/*!40014 SET @OLD_FOREIGN_KEY_CHECKS=@@FOREIGN_KEY_CHECKS, FOREIGN_KEY_CHECKS=0 */;
/*!40101 SET @OLD_SQL_MODE=@@SQL_MODE, SQL_MODE='NO_AUTO_VALUE_ON_ZERO' */;
/*!40111 SET @OLD_SQL_NOTES=@@SQL_NOTES, SQL_NOTES=0 */;
SET @MYSQLDUMP_TEMP_LOG_BIN = @@SESSION.SQL_LOG_BIN;
SET @@SESSION.SQL_LOG_BIN= 0;

--
-- GTID state at the beginning of the backup 
--

SET @@GLOBAL.GTID_PURGED=/*!80000 '+'*/ '00f366bc-f1d3-11ee-ae9c-42010a400003:1-215';

--
-- Table structure for table `Barrier`
--

DROP TABLE IF EXISTS `Barrier`;
/*!40101 SET @saved_cs_client     = @@character_set_client */;
/*!50503 SET character_set_client = utf8mb4 */;
CREATE TABLE `Barrier` (
  `id` int NOT NULL AUTO_INCREMENT,
  `x` double DEFAULT NULL,
  `y` double DEFAULT NULL,
  `health` int DEFAULT NULL,
  `type` int DEFAULT NULL,
  `save_ref` int DEFAULT NULL,
  `map_ref` int DEFAULT NULL,
  PRIMARY KEY (`id`),
  KEY `type` (`type`),
  KEY `save_ref` (`save_ref`),
  KEY `map_ref` (`map_ref`),
  CONSTRAINT `Barrier_ibfk_1` FOREIGN KEY (`type`) REFERENCES `BarrierType` (`id`),
  CONSTRAINT `Barrier_ibfk_2` FOREIGN KEY (`save_ref`) REFERENCES `Save` (`id`),
  CONSTRAINT `Barrier_ibfk_3` FOREIGN KEY (`map_ref`) REFERENCES `Map` (`id`)
) ENGINE=InnoDB AUTO_INCREMENT=167 DEFAULT CHARSET=utf8mb3;
/*!40101 SET character_set_client = @saved_cs_client */;

--
-- Dumping data for table `Barrier`
--

LOCK TABLES `Barrier` WRITE;
/*!40000 ALTER TABLE `Barrier` DISABLE KEYS */;
INSERT INTO `Barrier` VALUES (7,0.5684615384615386,0.125,1,1,NULL,8),(8,0.49000000000000005,0.05,1,1,NULL,8),(9,0.4115384615384615,0.2,1,1,NULL,8),(10,0.49000000000000005,0.275,1,1,NULL,8),(11,0.6861538461538463,0.35,1,1,NULL,8),(12,0.29384615384615387,0.05,1,1,NULL,8),(13,0.45076923076923076,0.425,1,1,NULL,8),(14,0.7646153846153849,0.35,1,1,NULL,8),(15,0.8038461538461542,0.05,1,1,NULL,8),(16,0.8038461538461542,0.125,1,1,NULL,8),(17,0.37230769230769234,0.425,1,1,NULL,9),(18,0.3330769230769231,0.35,1,3,NULL,9),(19,0.921538461538462,0.05,1,1,NULL,9),(20,0.6076923076923079,0.125,1,3,NULL,9),(21,0.6469230769230772,0.2,3,2,NULL,9),(22,0.3330769230769231,0.425,1,1,NULL,9),(23,0.3330769230769231,0.275,5,2,NULL,9),(24,0.21538461538461542,0.05,1,1,NULL,9),(25,0.7646153846153849,0.125,1,3,NULL,9),(26,0.6861538461538463,0.125,1,3,NULL,9),(27,0.8823076923076927,0.125,1,3,NULL,9),(28,0.019230769230769232,0.425,1,1,NULL,9),(29,0.37230769230769234,0.2,5,2,NULL,9),(30,0.6861538461538463,0.2,2,2,NULL,9),(31,0.6469230769230772,0.125,1,3,NULL,9),(32,0.37230769230769234,0.275,2,2,NULL,9),(33,0.6861538461538463,0.275,4,2,NULL,9),(34,0.37230769230769234,0.35,1,3,NULL,9),(35,0.6076923076923079,0.35,1,3,NULL,9),(36,0.8823076923076927,0.35,1,3,NULL,9),(37,0.4115384615384615,0.425,1,1,NULL,9),(38,0.6076923076923079,0.425,1,1,NULL,9),(39,0.019230769230769232,0.275,1,1,NULL,9),(40,0.4115384615384615,0.35,1,3,NULL,9),(41,0.6076923076923079,0.275,5,2,NULL,9),(42,0.7646153846153849,0.05,1,1,NULL,9),(43,0.6861538461538463,0.05,1,1,NULL,9),(44,0.29384615384615387,0.2,5,2,NULL,9),(45,0.019230769230769232,0.35,1,1,NULL,9),(46,0.8823076923076927,0.425,1,1,NULL,9),(47,0.019230769230769232,0.125,1,1,NULL,9),(48,0.8823076923076927,0.2,2,2,NULL,9),(49,0.6076923076923079,0.2,3,2,NULL,9),(50,0.49000000000000005,0.425,1,1,NULL,9),(51,0.29384615384615387,0.275,4,2,NULL,9),(52,0.6469230769230772,0.35,1,3,NULL,9),(53,0.4115384615384615,0.2,2,2,NULL,9),(54,0.6469230769230772,0.425,1,1,NULL,9),(55,0.29384615384615387,0.425,1,1,NULL,9),(56,0.8823076923076927,0.275,3,2,NULL,9),(57,0.29384615384615387,0.35,1,3,NULL,9),(58,0.6469230769230772,0.275,4,2,NULL,9),(59,0.4115384615384615,0.275,4,2,NULL,9),(60,0.019230769230769232,0.2,1,1,NULL,9),(61,0.13692307692307695,0.425,1,1,NULL,9),(62,0.7253846153846156,0.05,1,1,NULL,9),(63,0.37230769230769234,0.05,1,1,NULL,9),(64,0.9607692307692313,0.125,1,1,NULL,9),(65,0.4115384615384615,0.125,1,3,NULL,9),(66,0.5292307692307693,0.125,1,3,NULL,9),(67,0.1761538461538462,0.2,2,2,NULL,9),(68,0.13692307692307695,0.35,1,3,NULL,9),(69,0.49000000000000005,0.275,3,2,NULL,9),(70,0.8430769230769235,0.425,1,1,NULL,9),(71,0.8430769230769235,0.35,1,3,NULL,9),(72,0.49000000000000005,0.35,1,3,NULL,9),(73,0.019230769230769232,0.05,1,1,NULL,9),(74,0.8430769230769235,0.275,2,2,NULL,9),(75,0.1761538461538462,0.425,1,1,NULL,9),(76,0.5292307692307693,0.275,5,2,NULL,9),(77,0.5684615384615386,0.125,1,3,NULL,9),(78,0.49000000000000005,0.125,1,3,NULL,9),(79,0.1761538461538462,0.35,1,3,NULL,9),(80,0.13692307692307695,0.2,3,2,NULL,9),(81,0.8430769230769235,0.2,4,2,NULL,9),(82,0.5292307692307693,0.2,5,2,NULL,9),(83,0.1761538461538462,0.275,5,2,NULL,9),(84,0.13692307692307695,0.275,2,2,NULL,9),(85,0.5684615384615386,0.2,2,2,NULL,9),(86,0.49000000000000005,0.2,2,2,NULL,9),(87,0.05846153846153847,0.425,1,1,NULL,9),(88,0.8038461538461542,0.275,3,2,NULL,9),(89,0.37230769230769234,0.125,1,3,NULL,9),(90,0.7253846153846156,0.125,1,3,NULL,9),(91,0.9607692307692313,0.425,1,1,NULL,9),(92,0.4115384615384615,0.05,1,1,NULL,9),(93,0.5292307692307693,0.425,1,1,NULL,9),(94,0.6076923076923079,0.05,1,1,NULL,9),(95,0.05846153846153847,0.35,1,3,NULL,9),(96,0.5684615384615386,0.275,5,2,NULL,9),(97,0.8038461538461542,0.35,1,3,NULL,9),(98,0.5292307692307693,0.35,1,3,NULL,9),(99,0.7646153846153849,0.425,1,1,NULL,9),(100,0.8430769230769235,0.125,1,3,NULL,9),(101,0.7646153846153849,0.35,1,3,NULL,9),(102,0.5684615384615386,0.35,1,3,NULL,9),(103,0.8038461538461542,0.425,1,1,NULL,9),(104,0.9607692307692313,0.35,1,1,NULL,9),(105,0.05846153846153847,0.275,1,3,NULL,9),(106,0.7253846153846156,0.2,3,2,NULL,9),(107,0.9607692307692313,0.2,1,1,NULL,9),(108,0.7646153846153849,0.275,4,2,NULL,9),(109,0.5684615384615386,0.425,1,1,NULL,9),(110,0.49000000000000005,0.05,1,1,NULL,9),(111,0.6469230769230772,0.05,1,1,NULL,9),(112,0.7253846153846156,0.275,5,2,NULL,9),(113,0.9607692307692313,0.275,1,1,NULL,9),(114,0.05846153846153847,0.2,1,3,NULL,9),(115,0.7646153846153849,0.2,4,2,NULL,9),(116,0.7253846153846156,0.35,1,3,NULL,9),(117,0.05846153846153847,0.125,1,3,NULL,9),(118,0.0976923076923077,0.35,1,3,NULL,9),(119,0.7253846153846156,0.425,1,1,NULL,9),(120,0.13692307692307695,0.05,1,1,NULL,9),(121,0.0976923076923077,0.425,1,1,NULL,9),(122,0.0976923076923077,0.275,2,2,NULL,9),(123,0.8430769230769235,0.05,1,1,NULL,9),(124,0.45076923076923076,0.05,1,1,NULL,9),(125,0.8038461538461542,0.125,1,3,NULL,9),(126,0.1761538461538462,0.05,1,1,NULL,9),(127,0.25461538461538463,0.05,1,1,NULL,9),(128,0.8038461538461542,0.2,3,2,NULL,9),(129,0.05846153846153847,0.05,1,1,NULL,9),(130,0.13692307692307695,0.125,1,3,NULL,9),(131,0.25461538461538463,0.275,3,2,NULL,9),(132,0.9607692307692313,0.05,1,1,NULL,9),(133,0.5292307692307693,0.05,1,1,NULL,9),(134,0.0976923076923077,0.125,1,3,NULL,9),(135,0.25461538461538463,0.2,3,2,NULL,9),(136,0.8038461538461542,0.05,1,1,NULL,9),(137,0.1761538461538462,0.125,1,3,NULL,9),(138,0.0976923076923077,0.2,5,2,NULL,9),(139,0.5684615384615386,0.05,1,1,NULL,9),(140,0.25461538461538463,0.125,1,3,NULL,9),(141,0.45076923076923076,0.35,1,3,NULL,9),(142,0.921538461538462,0.425,1,1,NULL,9),(143,0.0976923076923077,0.05,1,1,NULL,9),(144,0.3330769230769231,0.05,1,1,NULL,9),(145,0.921538461538462,0.275,1,3,NULL,9),(146,0.21538461538461542,0.35,1,3,NULL,9),(147,0.21538461538461542,0.425,1,1,NULL,9),(148,0.45076923076923076,0.425,1,1,NULL,9),(149,0.921538461538462,0.35,1,3,NULL,9),(150,0.21538461538461542,0.275,4,2,NULL,9),(151,0.25461538461538463,0.425,1,1,NULL,9),(152,0.29384615384615387,0.125,1,3,NULL,9),(153,0.25461538461538463,0.35,1,3,NULL,9),(154,0.21538461538461542,0.2,4,2,NULL,9),(155,0.921538461538462,0.125,1,3,NULL,9),(156,0.3330769230769231,0.125,1,3,NULL,9),(157,0.6861538461538463,0.35,1,3,NULL,9),(158,0.21538461538461542,0.125,1,3,NULL,9),(159,0.6861538461538463,0.425,1,1,NULL,9),(160,0.8823076923076927,0.05,1,1,NULL,9),(161,0.45076923076923076,0.125,1,3,NULL,9),(162,0.921538461538462,0.2,1,3,NULL,9),(163,0.3330769230769231,0.2,2,2,NULL,9),(164,0.45076923076923076,0.2,3,2,NULL,9),(165,0.29384615384615387,0.05,1,1,NULL,9),(166,0.45076923076923076,0.275,2,2,NULL,9);
/*!40000 ALTER TABLE `Barrier` ENABLE KEYS */;
UNLOCK TABLES;

--
-- Table structure for table `BarrierType`
--

DROP TABLE IF EXISTS `BarrierType`;
/*!40101 SET @saved_cs_client     = @@character_set_client */;
/*!50503 SET character_set_client = utf8mb4 */;
CREATE TABLE `BarrierType` (
  `id` int NOT NULL AUTO_INCREMENT,
  `name` varchar(64) NOT NULL,
  PRIMARY KEY (`id`),
  UNIQUE KEY `name` (`name`)
) ENGINE=InnoDB AUTO_INCREMENT=5 DEFAULT CHARSET=utf8mb3;
/*!40101 SET character_set_client = @saved_cs_client */;

--
-- Dumping data for table `BarrierType`
--

LOCK TABLES `BarrierType` WRITE;
/*!40000 ALTER TABLE `BarrierType` DISABLE KEYS */;
INSERT INTO `BarrierType` VALUES (3,'Explosive'),(2,'Firm'),(4,'Gifting'),(1,'Simple');
/*!40000 ALTER TABLE `BarrierType` ENABLE KEYS */;
UNLOCK TABLES;

--
-- Table structure for table `Map`
--

DROP TABLE IF EXISTS `Map`;
/*!40101 SET @saved_cs_client     = @@character_set_client */;
/*!50503 SET character_set_client = utf8mb4 */;
CREATE TABLE `Map` (
  `id` int NOT NULL AUTO_INCREMENT,
  `owner` int DEFAULT NULL,
  PRIMARY KEY (`id`),
  KEY `owner` (`owner`),
  CONSTRAINT `Map_ibfk_1` FOREIGN KEY (`owner`) REFERENCES `Player` (`uid`)
) ENGINE=InnoDB AUTO_INCREMENT=10 DEFAULT CHARSET=utf8mb3;
/*!40101 SET character_set_client = @saved_cs_client */;

--
-- Dumping data for table `Map`
--

LOCK TABLES `Map` WRITE;
/*!40000 ALTER TABLE `Map` DISABLE KEYS */;
INSERT INTO `Map` VALUES (1,1),(2,1),(3,1),(4,1),(5,1),(6,1),(7,1),(8,1),(9,1);
/*!40000 ALTER TABLE `Map` ENABLE KEYS */;
UNLOCK TABLES;

--
-- Table structure for table `Player`
--

DROP TABLE IF EXISTS `Player`;
/*!40101 SET @saved_cs_client     = @@character_set_client */;
/*!50503 SET character_set_client = utf8mb4 */;
CREATE TABLE `Player` (
  `uid` int NOT NULL AUTO_INCREMENT,
  `username` varchar(32) NOT NULL,
  `password` varchar(32) NOT NULL,
  `salt` char(24) NOT NULL,
  PRIMARY KEY (`uid`),
  UNIQUE KEY `username` (`username`)
) ENGINE=InnoDB AUTO_INCREMENT=13 DEFAULT CHARSET=utf8mb3;
/*!40101 SET character_set_client = @saved_cs_client */;

--
-- Dumping data for table `Player`
--

LOCK TABLES `Player` WRITE;
/*!40000 ALTER TABLE `Player` DISABLE KEYS */;
INSERT INTO `Player` VALUES (1,'test','oq+u5Tk73vRNNC3x5c/wqA==','YLjD8kMhpdcDLZ7WtTgmxQ=='),(2,'12345678912345678912345678912345','6vs099ttzI4K0GKa1Yur1w==','H4TTgSDpVxxfJPNEPqe+rw=='),(3,'xus','uROGitTM+IQllV6rKavKuA==','6oVTFFViu5AlTs7xf28W+A=='),(4,'test2','Oo8VF1g3HCvrF28KOn2m+A==','n/LYi+/Al2kiDI4kDfFcBQ=='),(6,'yamac','GYI5LToBEcnmNaa7H/g1hQ==','48i7SKDAczjcHzpN2RjHxw=='),(8,'comp302test','R4W4BnKRlZQiDCWD1Y300Q==','95X+ZWsu3Lba3Cz+jXHTdQ=='),(9,'test-meric','T4+EEtNf9ABrxEItnIQXww==','bNwZ75BG4zBjzXxftr/U4g=='),(10,'Heyy','TrHhD//gJFi1CIAQjIv4Kg==','LKTAK0QdYMKacqKrjWStpw=='),(11,'Hey123','DljEiEbek2vH/vl2HN1GuQ==','MtHoKveyIINlB+7x91GPcQ=='),(12,'test1','etnPfGD75tS04ptW3Y85tA==','xJ4QHaB9ghE8CVNYBH0tTw==');
/*!40000 ALTER TABLE `Player` ENABLE KEYS */;
UNLOCK TABLES;

--
-- Table structure for table `Save`
--

DROP TABLE IF EXISTS `Save`;
/*!40101 SET @saved_cs_client     = @@character_set_client */;
/*!50503 SET character_set_client = utf8mb4 */;
CREATE TABLE `Save` (
  `id` int NOT NULL AUTO_INCREMENT,
  `player_ref` int DEFAULT NULL,
  `fireball_x` double DEFAULT NULL,
  `fireball_y` double DEFAULT NULL,
  `fireball_dx` double DEFAULT NULL,
  `fireball_dy` double DEFAULT NULL,
  `lance_x` double DEFAULT NULL,
  `lance_y` double DEFAULT NULL,
  `lance_angle` double DEFAULT NULL,
  `score` double DEFAULT NULL,
  PRIMARY KEY (`id`),
  KEY `player_ref` (`player_ref`),
  CONSTRAINT `Save_ibfk_1` FOREIGN KEY (`player_ref`) REFERENCES `Player` (`uid`)
) ENGINE=InnoDB DEFAULT CHARSET=utf8mb3;
/*!40101 SET character_set_client = @saved_cs_client */;

--
-- Dumping data for table `Save`
--

LOCK TABLES `Save` WRITE;
/*!40000 ALTER TABLE `Save` DISABLE KEYS */;
/*!40000 ALTER TABLE `Save` ENABLE KEYS */;
UNLOCK TABLES;
SET @@SESSION.SQL_LOG_BIN = @MYSQLDUMP_TEMP_LOG_BIN;
/*!40103 SET TIME_ZONE=@OLD_TIME_ZONE */;

/*!40101 SET SQL_MODE=@OLD_SQL_MODE */;
/*!40014 SET FOREIGN_KEY_CHECKS=@OLD_FOREIGN_KEY_CHECKS */;
/*!40014 SET UNIQUE_CHECKS=@OLD_UNIQUE_CHECKS */;
/*!40101 SET CHARACTER_SET_CLIENT=@OLD_CHARACTER_SET_CLIENT */;
/*!40101 SET CHARACTER_SET_RESULTS=@OLD_CHARACTER_SET_RESULTS */;
/*!40101 SET COLLATION_CONNECTION=@OLD_COLLATION_CONNECTION */;
/*!40111 SET SQL_NOTES=@OLD_SQL_NOTES */;

-- Dump completed on 2024-04-28 23:53:28
